Brand,Name,Price,Original Price,Discount,Product Link,Primary Image,Hover Image,SKU,Quality,Description,Details,Condition,Primary Image Local Path,Hover Image Local Path
COACH,CR355 Varsity Carry All Pouch Light Saddle,IDR 2.750.000,,No discount,https://www.banananina.co.id/bags/clutches/cr355-varsity-carry-all-pouch-light-saddle-131949.html,https://media.banananina.id/catalog/product/0/1/01040358_d.jpg?v=afb8f54dcaaa67c43da7b3f058934118&updated=2024-12-05 09:57:45,https://media.banananina.id/catalog/product/0/1/01040358_m.jpg?v=afb8f54dcaaa67c43da7b3f058934118&updated=2024-12-05 09:57:45,cr355-varsity-carry-all-pouch-light-saddle-131949,BRAND NEW,"Made of refined pebble leather with fabric lining. The pouch features an open zip closure, silver tone hardware, two slip pockets, and one front exterior zip pocket.",Made in Philippines | Style number :  CR355 | Open zip closure | Silver tone hardware | Removable wrist strap,New with Tag | Completeness: Care Card | wrist Strap,images\clutches\primary\CR355 Varsity Carry All Pouch Light Saddle_primary.jpg,images\clutches\hover\CR355 Varsity Carry All Pouch Light Saddle_hover.jpg
BALLY,Evalyn Nylon Pouch Black,IDR 3.750.000,,No discount,https://www.banananina.co.id/evalyn-nylon-pouch-black.html,https://media.banananina.id/catalog/product/0/0/00769730_d.jpg?v=02aba98ffebc7848559dbd36b6e7db46&updated=2024-12-08,https://media.banananina.id/catalog/product/0/0/00769730_m.jpg?v=02aba98ffebc7848559dbd36b6e7db46&updated=2024-12-08,evalyn-nylon-pouch-black,BRAND NEW,"The B-Echo collection of womens bags and accessories is made from environmentally-friendly, GRS-certified materials with a focus on multi-functional and streamlined designs. The Evalyn pouch in black water-resistant and recycled nylon features a top zip closure, internal flat pocket and a wristlet for easy carrying.",Made In France | Style Number : EVALYN GYUG | Recycled nylon | Top zip closure | Wristlet | Water-resistant recycled nylon lining | Internal flat pocket | Width: 21.5cm/8.5in | Height: 15cm/5.9,Brand New,images\clutches\primary\Evalyn Nylon Pouch Black_primary.jpg,images\clutches\hover\Evalyn Nylon Pouch Black_hover.jpg
FOSSIL,SHB3077186 Julianna Mini Hobo Patchwork,IDR 1.550.000,,No discount,https://www.banananina.co.id/bags/clutches/shb3077186-julianna-mini-hobo-patchwork-131715.html,https://media.banananina.id/catalog/product/0/1/01008709_d.jpg?v=342badd4d504e9f3d4cbdc5570e7eee1&updated=2024-12-02 10:15:04,https://media.banananina.id/catalog/product/0/1/01008709_m.jpg?v=342badd4d504e9f3d4cbdc5570e7eee1&updated=2024-12-02 10:15:04,shb3077186-julianna-mini-hobo-patchwork-131715,BRAND NEW,"Made of leather patchwork polyurethane trim. The bag features a zip closure that opens to polyester lining with interior one zip pocket and one slip pocket, shoulder strap drop 18 cm.",Made in Cambodia | Style Number SHB3077186 KH | Old English Brass Tone Hardware | Zip Closure | Polyester Lining | Interior 1 Zip Pocket | Interior 1 Slip Pocket | Shoulder Strap Drop 18 cm | Fossil Foil Embossed Logo,New With Tag,images\clutches\primary\SHB3077186 Julianna Mini Hobo Patchwork_primary.jpg,images\clutches\hover\SHB3077186 Julianna Mini Hobo Patchwork_hover.jpg
MICHAEL KORS,Signature Cooper Stripe and Faux Leather Large Wristlet Palm,IDR 2.200.000,,No discount,https://www.banananina.co.id/bags/clutches/signature-cooper-stripe-and-faux-leather-large-wristlet-palm.html,https://media.banananina.id/catalog/product/0/0/00924266_d.jpg?v=f447514a93f1068d490a74973a6eac33&updated=2024-11-29 10:12:38,https://media.banananina.id/catalog/product/0/0/00924266_m.jpg?v=f447514a93f1068d490a74973a6eac33&updated=2024-11-29 10:12:38,signature-cooper-stripe-and-faux-leather-large-wristlet-palm,BRAND NEW,"Signature coated canvas mix leather material with logo polyester lining interior. It features an open zip closure, silver tone hardware, 1 zip pocket, 2 slip pockets and removable wrist strap.",Made in India | Style number : 37R3LCOU9U | Open zip closure | silver tone hardware,Brand New,images\clutches\primary\Signature Cooper Stripe and Faux Leather Large Wristlet Palm_primary.jpg,images\clutches\hover\Signature Cooper Stripe and Faux Leather Large Wristlet Palm_hover.jpg
FOSSIL,SHB3160186 Julianna Baguette Patchwork,IDR 1.700.000,,No discount,https://www.banananina.co.id/bags/clutches/shb3160186-julianna-baguette-patchwork.html,https://media.banananina.id/catalog/product/0/1/01012051_d.jpg?v=921f0997595a2d77f0cded3007bd8cf7&updated=2024-11-29 10:12:33,https://media.banananina.id/catalog/product/0/1/01012051_m.jpg?v=921f0997595a2d77f0cded3007bd8cf7&updated=2024-11-29 10:12:33,shb3160186-julianna-baguette-patchwork,BRAND NEW,"Made of leather. The bag features a zip closure that opens to polyester lining with interior one zip pocket, strap drop 19 cm.",Made In Cambodia | Serial Number : SHB3160186 | Old English Brass Hardware | Zip Closure | Polyester Lining | One Slip Pocket | One Zip Pocket | Strap Drop 19 cm,New With Tag,images\clutches\primary\SHB3160186 Julianna Baguette Patchwork_primary.jpg,images\clutches\hover\SHB3160186 Julianna Baguette Patchwork_hover.jpg
COACH,CR364 Nolita 19 Debossed C Smooth Leather Clutch Black,IDR 2.175.000,,No discount,https://www.banananina.co.id/checkout/cart/add/uenc/aHR0cHM6Ly93d3cuYmFuYW5hbmluYS5jby5pZC9iYWdzL2NsdXRjaGVzLmh0bWw_cD0x/product/131461/form_key/jd8cEEw171JGlWkW/,,,,,,,,,
COACH,CR828 Signature Floral Nolita 19 Khaki Multi,IDR 2.225.000,,No discount,https://www.banananina.co.id/bags/clutches/cr828-signature-floral-nolita-19-khaki-multi-131405.html,https://media.banananina.id/catalog/product/0/1/01060082_d.jpg?v=58d7c209b9168da0b2db0dbf91be038e&updated=2024-11-25 10:18:26,https://media.banananina.id/catalog/product/0/1/01060082_m.jpg?v=58d7c209b9168da0b2db0dbf91be038e&updated=2024-11-25 10:18:26,cr828-signature-floral-nolita-19-khaki-multi-131405,BRAND NEW,"Made of signature coated canvas and smooth leather. The clutch features a zip closure that openes to fabric lining with interior one slip pocket, two card slots.",Made in cambodia | Style number CR828 | Gold tone hardware | Signature coated canvas and smooth leather | Zip closure | Fabric lining | Interior 1 slip pocket | Interior 2 card slots | Coach metal logo lettering,New With Tag,images\clutches\primary\CR828 Signature Floral Nolita 19 Khaki Multi_primary.jpg,images\clutches\hover\CR828 Signature Floral Nolita 19 Khaki Multi_hover.jpg
COACH,2706 Signature Large Travel Kit Tan Black,IDR 3.500.000,,No discount,https://www.banananina.co.id/2706-signature-large-travel-kit-tan-black.html,https://media.banananina.id/catalog/product/0/1/01107013_d.jpg?v=02aba98ffebc7848559dbd36b6e7db46&updated=2024-12-08,https://media.banananina.id/catalog/product/0/1/01107013_m.jpg?v=02aba98ffebc7848559dbd36b6e7db46&updated=2024-12-08,2706-signature-large-travel-kit-tan-black,BRAND NEW,Made of signature coated canvas and smooth leather. The bag features a zip closure that opens to fabric lining with interior one slip pocket.,Made in cambodia | Style number 2706 | Gunmetal tone hardware | Signature coated canvas and smooth leather | Zip closure | Fabric lining | Interior one slip pocket,New With Tag,images\clutches\primary\2706 Signature Large Travel Kit Tan Black_primary.jpg,images\clutches\hover\2706 Signature Large Travel Kit Tan Black_hover.jpg
COACH,Men 2522 Travel Kit Smooth Leather Small Black,IDR 2.250.000,,No discount,https://www.banananina.co.id/bags/clutches/men-2522-travel-kit-smooth-leather-small-black-131332.html,https://media.banananina.id/catalog/product/0/0/00969044_d.jpg?v=8210ba57c8c026bbfddb349c6d707771&updated=2024-11-25 03:26:21,https://media.banananina.id/catalog/product/0/0/00969044_s28.jpg?v=8210ba57c8c026bbfddb349c6d707771&updated=2024-11-25 03:26:21,men-2522-travel-kit-smooth-leather-small-black-131332,BRAND NEW,Made of smooth leather. The clutches feature a zip closure that opens to fabric lining with interior one slip pocket and exterior one slip pocket.,Made in Vietnam | Style number 2522 | Gunmetal tone hardware | Smooth leather | Zip closure | Fabric lining | Interior 1 slip pocket | Exterior 1 slip pocket at back,Brand new,images\clutches\primary\Men 2522 Travel Kit Smooth Leather Small Black_primary.jpg,images\clutches\hover\Men 2522 Travel Kit Smooth Leather Small Black_hover.jpg
COACH,CR364 Nolita 19 Debossed C Smooth Leather Clutch Taupe,IDR 2.175.000,,No discount,https://www.banananina.co.id/bags/clutches/cr364-nolita-19-debossed-c-smooth-leather-clutch-taupe.html,https://media.banananina.id/catalog/product/0/1/01052037_d.jpg?v=a315106ff122444e35ddb0a22f4a5102&updated=2024-11-22 11:17:39,https://media.banananina.id/catalog/product/0/1/01052037_m.jpg?v=a315106ff122444e35ddb0a22f4a5102&updated=2024-11-22 11:17:39,cr364-nolita-19-debossed-c-smooth-leather-clutch-taupe,BRAND NEW,"Made of smooth leather. The bag features a zip closure that opens to fabric lining with two card slots, strap drop 16 cm.",Made In Vietnam | Serial number :  CR364 | Silver -Tone Hardware | Zip Closure | Fabric Lining | Interior 2 Card Slots | Strap Drop 16 cm | C Embossed Logo,Brand new,images\clutches\primary\CR364 Nolita 19 Debossed C Smooth Leather Clutch Taupe_primary.jpg,images\clutches\hover\CR364 Nolita 19 Debossed C Smooth Leather Clutch Taupe_hover.jpg
KATE SPADE,Kayla Convertible Wristlet Meringue,IDR 2.300.000,,No discount,https://www.banananina.co.id/kayla-convertible-wristlet-meringue.html,https://media.banananina.id/catalog/product/0/1/01107532_d.jpg?v=02aba98ffebc7848559dbd36b6e7db46&updated=2024-12-08,https://media.banananina.id/catalog/product/0/1/01107532_m.jpg?v=02aba98ffebc7848559dbd36b6e7db46&updated=2024-12-08,kayla-convertible-wristlet-meringue,BRAND NEW,Made of pebble leather. The bag features a zip closure that opens to two way script logo lining with interior two card slots.,Made in cambodia | Style number KK057 | Gold tone hardware | Pebble leather | Zip closure | Two way script logo lining | Interior 2 card slots,New With Tag,images\clutches\primary\Kayla Convertible Wristlet Meringue_primary.jpg,images\clutches\hover\Kayla Convertible Wristlet Meringue_hover.jpg
KATE SPADE,Kayla Convertible Wristlet Black,IDR 2.300.000,,No discount,https://www.banananina.co.id/bags/clutches/kayla-convertible-wristlet-black.html,https://media.banananina.id/catalog/product/0/0/001107457_d.jpg?v=0d0ba266b13738f8d4026fbf30190252&updated=2024-12-02 07:18:49,https://media.banananina.id/catalog/product/0/1/01107457_m.jpg?v=0d0ba266b13738f8d4026fbf30190252&updated=2024-12-02 07:18:49,kayla-convertible-wristlet-black,BRAND NEW,Made of pebble leather. The bag features a zip closure that opens to two way script logo lining with interior two card slots.,Made in cambodia | Style number KK057 | Gold tone hardware | Pebble leather | Zip closure | Two way script logo lining | Interior 2 card slots,New With Tag,images\clutches\primary\Kayla Convertible Wristlet Black_primary.jpg,images\clutches\hover\Kayla Convertible Wristlet Black_hover.jpg
KATE SPADE,Signature Spade Flower Convertible Wristlet Black Multi,IDR 1.500.000,,No discount,https://www.banananina.co.id/bags/clutches/signature-spade-flower-convertible-wristlet-black-multi-131232.html,https://media.banananina.id/catalog/product/0/1/01096563_m.jpg?v=39b8f5d1c392d6ff87747b8096c42703&updated=2024-11-21 10:17:27,https://media.banananina.id/catalog/product/0/1/01096563_s.jpg?v=39b8f5d1c392d6ff87747b8096c42703&updated=2024-11-21 10:17:27,signature-spade-flower-convertible-wristlet-black-multi-131232,BRAND NEW,"Made of PVC. The wristlet features a zip closure that opens to polyester lining with three card slots, wrist strap.",Made in Philippines | Style Number KI378 | Light Gold Tone Hardware | Zip Closure | Polyester Lining | Three Card Slots | Metal Pinmount Logo,New With Tag,images\clutches\primary\Signature Spade Flower Convertible Wristlet Black Multi_primary.jpg,images\clutches\hover\Signature Spade Flower Convertible Wristlet Black Multi_hover.jpg
KATE SPADE,Chelsea Nylon Cosmetic Bag Black,IDR 925.000,,No discount,https://www.banananina.co.id/bags/clutches/chelsea-nylon-cosmetic-bag-black-131228.html,https://media.banananina.id/catalog/product/0/1/01078204_d.jpg?v=4face7dc3a55a7597dc124c18178408d&updated=2024-11-21 10:17:23,https://media.banananina.id/catalog/product/0/1/01078204_d.jpg?v=4face7dc3a55a7597dc124c18178408d&updated=2024-11-21 10:17:23,chelsea-nylon-cosmetic-bag-black-131228,BRAND NEW,"Made of nylon with nylon lining. The cosmetic bag features an open zip closure, gold tone hardware, and no pocket interior.",Made in Philippines | Style number : KH612 | Open zip closure | Gold tone hardware | Metal logo lettering at top center,Brand new,images\clutches\primary\Chelsea Nylon Cosmetic Bag Black_primary.jpg,images\clutches\hover\Chelsea Nylon Cosmetic Bag Black_hover.jpg
COACH,Men CM034 Signature Camo Small Travel Kit Green Multi,IDR 2.750.000,,No discount,https://www.banananina.co.id/bags/clutches/men-cm034-signature-camo-small-travel-kit-green-multi.html,https://media.banananina.id/catalog/product/0/1/01026426_d.jpg?v=637b6abb3b3020c3aacff787b13a1106&updated=2024-11-19 10:48:46,https://media.banananina.id/catalog/product/0/1/01026426_s.jpg?v=637b6abb3b3020c3aacff787b13a1106&updated=2024-11-19 10:48:46,men-cm034-signature-camo-small-travel-kit-green-multi,BRAND NEW,Made of signature coated canvas. The pouch features a zip closure that opens to fabric lining with interior one slip pocket and exterior one slip pocket.,Made in india | Style number CM034 | Gunmetal tone hardware | Signature coated canvas | Open zip closure | Fabric lining | Interior 1 slip pocket | Exterior 1 slip pocket,New With Tag,images\clutches\primary\Men CM034 Signature Camo Small Travel Kit Green Multi_primary.jpg,images\clutches\hover\Men CM034 Signature Camo Small Travel Kit Green Multi_hover.jpg
LONGCHAMP,Le Pliage Original Pouch With Handle Fawn,IDR 1.995.000,,No discount,https://www.banananina.co.id/le-pliage-original-pouch-with-handle-fawn.html,https://media.banananina.id/catalog/product/0/1/01106471_d.jpg?v=02aba98ffebc7848559dbd36b6e7db46&updated=2024-12-08,https://media.banananina.id/catalog/product/0/1/01106471_m.jpg?v=02aba98ffebc7848559dbd36b6e7db46&updated=2024-12-08,le-pliage-original-pouch-with-handle-fawn,BRAND NEW,"Made of recycled polyamide canvas with inside coating. The bag features an open button and zip closure, gold tone hardware, no pocket inside, and top handle. This zipped cosmetics bag with a handle can hold all your beauty essentials.",Made in Tunisia | Style Number : 34175089P86 | Gold Tone Hardware | Button Snap and Zip Closure,New With Tag,images\clutches\primary\Le Pliage Original Pouch With Handle Fawn_primary.jpg,images\clutches\hover\Le Pliage Original Pouch With Handle Fawn_hover.jpg
LONGCHAMP,Le Pliage Green Pouch With Handle Forest,IDR 1.995.000,,No discount,https://www.banananina.co.id/le-pliage-green-pouch-with-handle-forest.html,https://media.banananina.id/catalog/product/0/1/01106419_d.jpg?v=02aba98ffebc7848559dbd36b6e7db46&updated=2024-12-08,https://media.banananina.id/catalog/product/0/1/01106419_m.jpg?v=02aba98ffebc7848559dbd36b6e7db46&updated=2024-12-08,le-pliage-green-pouch-with-handle-forest,BRAND NEW,"Made of recycled polyamide canvas with inside coating. The bag features an open button and zip closure, gold tone hardware, no pocket inside, and top handle. This zipped cosmetics bag with a handle can hold all your beauty essentials.",Made In Tunisia | Serial Number : 34175919479 | Silver Tone Hardware | Zip with Flap Button Closure | Nylon Lining | Handle Drop 5 cm,New With Tag,images\clutches\primary\Le Pliage Green Pouch With Handle Forest_primary.jpg,images\clutches\hover\Le Pliage Green Pouch With Handle Forest_hover.jpg
LONGCHAMP,Le Pliage Original Pouch With Handle Papier,IDR 1.995.000,,No discount,https://www.banananina.co.id/le-pliage-original-pouch-with-handle-papier.html,https://media.banananina.id/catalog/product/0/1/01013440_d.jpg?v=02aba98ffebc7848559dbd36b6e7db46&updated=2024-12-08,https://media.banananina.id/catalog/product/0/1/01013440_m.jpg?v=02aba98ffebc7848559dbd36b6e7db46&updated=2024-12-08,le-pliage-original-pouch-with-handle-papier,BRAND NEW,"Made of recycled polyamide canvas with inside coating. The bag features an open button and zip closure, gold tone hardware, no pocket inside, and top handle. This zipped cosmetics bag with a handle can hold all your beauty essentials.",Made in China | Style Number : 34175089P71 | Gold Tone Hardware | Button Snap and Zip Closure,New With Tag,images\clutches\primary\Le Pliage Original Pouch With Handle Papier_primary.jpg,images\clutches\hover\Le Pliage Original Pouch With Handle Papier_hover.jpg
LONGCHAMP,Le Pliage Original Pouch With Handle Black,IDR 1.995.000,,No discount,https://www.banananina.co.id/le-pliage-original-pouch-with-handle-black.html,https://media.banananina.id/catalog/product/0/1/01009921_d.jpg?v=02aba98ffebc7848559dbd36b6e7db46&updated=2024-12-08,https://media.banananina.id/catalog/product/0/1/01009921_m.jpg?v=02aba98ffebc7848559dbd36b6e7db46&updated=2024-12-08,le-pliage-original-pouch-with-handle-black,BRAND NEW,"Made of recycled polyamide canvas with inside coating. The bag features an open button and zip closure, gold tone hardware, no pocket inside, and top handle. This zipped cosmetics bag with a handle can hold all your beauty essentials.",Made in China | Serial Number 34175089001 | Gold-tone Hardware | Button snap and zip closure,New With Tag,images\clutches\primary\Le Pliage Original Pouch With Handle Black_primary.jpg,images\clutches\hover\Le Pliage Original Pouch With Handle Black_hover.jpg
LONGCHAMP,Le Pliage Green Pouch With Handle Graphite,IDR 1.995.000,,No discount,https://www.banananina.co.id/le-pliage-green-pouch-with-handle-graphite.html,https://media.banananina.id/catalog/product/0/1/01009877_d.jpg?v=02aba98ffebc7848559dbd36b6e7db46&updated=2024-12-08,https://media.banananina.id/catalog/product/0/1/01009877_m.jpg?v=02aba98ffebc7848559dbd36b6e7db46&updated=2024-12-08,le-pliage-green-pouch-with-handle-graphite,BRAND NEW,"Made of recycled polyamide canvas with inside coating. The bag features an open button and zip closure, silver tone hardware, no pocket inside, and top handle. This zipped cosmetics bag with a handle can hold all your beauty essentials.",Made in Tunisia | Style Number : 34175919P66 | Silver Tone Hardware | Button snap and zip closure,New With Tag,images\clutches\primary\Le Pliage Green Pouch With Handle Graphite_primary.jpg,images\clutches\hover\Le Pliage Green Pouch With Handle Graphite_hover.jpg
MICHAEL KORS,Jet Set Travel Signature XL Zip Wristlet Light Cream Multi,IDR 2.037.000,,No discount,https://www.banananina.co.id/jet-set-travel-signature-xl-zip-wristlet-light-cream-multi-130558.html,https://media.banananina.id/catalog/product/0/1/01000082_d.jpg?v=02aba98ffebc7848559dbd36b6e7db46&updated=2024-12-08,https://media.banananina.id/catalog/product/0/1/01000082_m.jpg?v=02aba98ffebc7848559dbd36b6e7db46&updated=2024-12-08,jet-set-travel-signature-xl-zip-wristlet-light-cream-multi-130558,BRAND NEW,"Made of signature coated canvas leather. The clutch features a zip closure that opens to polyester lining with interior one slip pocket, eight card slots.",Made in indonesia | Style number 35S0GTVW48 | Gold toner hardware | Signature coated canvas leather | Zip closure | Polyester lining | Interior 1 slip pocket | Interior 8 card slots | Michael kors metal logo lettering,New With Tag,images\clutches\primary\Jet Set Travel Signature XL Zip Wristlet Light Cream Multi_primary.jpg,images\clutches\hover\Jet Set Travel Signature XL Zip Wristlet Light Cream Multi_hover.jpg
POPMART,Crybaby Ã— Powerpuff Girls Series Cosmetic Bag,IDR 795.000,,No discount,https://www.banananina.co.id/crybaby-powerpuff-girls-series-cosmetic-bag.html,https://media.banananina.id/catalog/product/0/1/01091464_d.jpg?v=02aba98ffebc7848559dbd36b6e7db46&updated=2024-12-08,https://media.banananina.id/catalog/product/0/1/01091464_b.jpg?v=02aba98ffebc7848559dbd36b6e7db46&updated=2024-12-08,crybaby-powerpuff-girls-series-cosmetic-bag,BRAND NEW,"Made of terylene material. The cosmetic bag features open zip closure, one handle and pink matte tone hardware.",Made in China | Material: 100% Terylene | Open zip closure | Not suitable for persons under 15.,Brand new | Completeness: Box,images\clutches\primary\Crybaby  Powerpuff Girls Series Cosmetic Bag_primary.jpg,images\clutches\hover\Crybaby  Powerpuff Girls Series Cosmetic Bag_hover.jpg
COACH,C1962 Signature Travel Envelope Wallet Graphite Black,IDR 3.000.000,,No discount,https://www.banananina.co.id/c1962-signature-travel-envelope-wallet-graphite-black.html,https://media.banananina.id/catalog/product/0/0/00970433_d.jpg?v=02aba98ffebc7848559dbd36b6e7db46&updated=2024-12-08,https://media.banananina.id/catalog/product/0/0/00970433_m.jpg?v=02aba98ffebc7848559dbd36b6e7db46&updated=2024-12-08,c1962-signature-travel-envelope-wallet-graphite-black,BRAND NEW,Signature coated canvas and smooth leather. Five credit card slots. ID window. Inside zip and open pockets. Snap closure. Outside zip coin pocket. Detachable wrist strap. 8 1/4 (L) x 4 1/2 (H) inc.,Made In Vietnam | Style Number: C1962 | Open Button Snap Closure | Silver-Tone Hardware | 5 Card Slots | 1 Id Window | 1 Slip Passport | 2 Slip Pockets | 1 Zip Coin Case | 1 Exterior Zip Pocket | Removable Wrist Strap,Brand New,images\clutches\primary\C1962 Signature Travel Envelope Wallet Graphite Black_primary.jpg,images\clutches\hover\C1962 Signature Travel Envelope Wallet Graphite Black_hover.jpg
COACH,CB851 Signature Jamie Varsity Motif Wristlet Chalk Indigo,IDR 2.750.000,,No discount,https://www.banananina.co.id/bags/clutches/cb851-signature-jamie-varsity-motif-wristlet-chalk-indigo-130479.html,https://media.banananina.id/catalog/product/0/0/00871846_d.jpg?v=9fbe9560c2580054c76e7d40e8381981&updated=2024-11-07 10:33:15,https://media.banananina.id/catalog/product/0/0/00871846_m.jpg?v=9fbe9560c2580054c76e7d40e8381981&updated=2024-11-07 10:33:15,cb851-signature-jamie-varsity-motif-wristlet-chalk-indigo-130479,BRAND NEW,Crafted of Signature coated canvas and smooth leather. It features a zip closure that opens to a lined inetrior with two credit card slots. Strap with dogleash clip attached.,Made In Indonesia | Style Number : CB851 | Fabric lining | Silver Tone Hardware | 2 Card Slots,New With Tag,images\clutches\primary\CB851 Signature Jamie Varsity Motif Wristlet Chalk Indigo_primary.jpg,images\clutches\hover\CB851 Signature Jamie Varsity Motif Wristlet Chalk Indigo_hover.jpg
KATE SPADE,Cheers Charming Dot Boxed Medium Phone Wristlet Black Multi,IDR 2.750.000,,No discount,https://www.banananina.co.id/cheers-charming-dot-boxed-medium-phone-wristlet-black-multi.html,https://media.banananina.id/catalog/product/0/0/00852174_d.jpg?v=02aba98ffebc7848559dbd36b6e7db46&updated=2024-12-08,https://media.banananina.id/catalog/product/0/0/00852174_m.jpg?v=02aba98ffebc7848559dbd36b6e7db46&updated=2024-12-08,cheers-charming-dot-boxed-medium-phone-wristlet-black-multi,BRAND NEW,"Crafted from saffiano pvc with polyester logo lining interior. It features an open button with magnetic flap closure, gold tone hardware, and wrist strap attached",Made In Vietnam | Style Number : K7234 | Gold Tone Hardware | 12 Card Slots | 1 rear Slip Pocket | slip pocket | zip coin compartment,New With Box,images\clutches\primary\Cheers Charming Dot Boxed Medium Phone Wristlet Black Multi_primary.jpg,images\clutches\hover\Cheers Charming Dot Boxed Medium Phone Wristlet Black Multi_hover.jpg
COACH,CH309 Jamie Coach Stripe Wristlet Wine Multi,IDR 1.500.000,,No discount,https://www.banananina.co.id/bags/clutches/ch309-jamie-coach-stripe-wristlet-wine-multi-126247.html,https://media.banananina.id/catalog/product/0/0/00977778_d2_1.jpg?v=555f6c2ec7f3fbfe407852ae78a4702f&updated=2024-10-09 02:48:04,https://media.banananina.id/catalog/product/0/0/00977778_m2.jpg?v=555f6c2ec7f3fbfe407852ae78a4702f&updated=2024-10-09 02:48:04,ch309-jamie-coach-stripe-wristlet-wine-multi-126247,BRAND NEW,"Crafted from refined pebble leather. It features an open zip closure, silver tone hardware, 2 card slots, and embossed logo on the front.",Made in Philippines | Serial number CH309 | Silver tone hardware | Zip closure | Fabric Lining | Strap with dogleash clip attached,Brand New,images\clutches\primary\CH309 Jamie Coach Stripe Wristlet Wine Multi_primary.jpg,images\clutches\hover\CH309 Jamie Coach Stripe Wristlet Wine Multi_hover.jpg
COACH,88500 Charlie Horse And Carriage Print And Varsity Stripe Pouch Chalk,IDR 2.000.000,,No discount,https://www.banananina.co.id/88500-charlie-horse-and-carriage-print-and-varsity-stripe-pouch-chalk.html,https://media.banananina.id/catalog/product/0/0/00742020_d.jpg?v=02aba98ffebc7848559dbd36b6e7db46&updated=2024-12-08,https://media.banananina.id/catalog/product/0/0/00742020_m.jpg?v=02aba98ffebc7848559dbd36b6e7db46&updated=2024-12-08,88500-charlie-horse-and-carriage-print-and-varsity-stripe-pouch-chalk,BRAND NEW,"Printed coated canvas with polished pebble leather details. Two credit card slots. Zip-top closure, fabric lining. Outside zip pocket. Detachable wrist strap. 9 1/4 (L) x 6 3/4 (H) x 2 (W) inc.",Made In Philippines | Style Number : 88500 | Open Zip Closure | Gunmetal Tone Hardware | 2 Card Slots,Brand New With Tag,images\clutches\primary\88500 Charlie Horse And Carriage Print And Varsity Stripe Pouch Chalk_primary.jpg,images\clutches\hover\88500 Charlie Horse And Carriage Print And Varsity Stripe Pouch Chalk_hover.jpg
COACH,1276 Signature Travel Patches Large Travel Kit Mahogany Multi,IDR 3.500.000,,No discount,https://www.banananina.co.id/1276-signature-travel-patches-large-travel-kit-mahogany-multi.html,https://media.banananina.id/catalog/product/0/1/01099808_d.jpg?v=02aba98ffebc7848559dbd36b6e7db46&updated=2024-12-08,https://media.banananina.id/catalog/product/0/1/01099808_m.jpg?v=02aba98ffebc7848559dbd36b6e7db46&updated=2024-12-08,1276-signature-travel-patches-large-travel-kit-mahogany-multi,BRAND NEW,Made of signature coated canvas and smooth leather. The bag features a zip closure that opens to fabric lining with interior one slip pocket and exterior one slip pocket at back.,Made in vietnam | Style number 1276 | Gunmetal tone hardware | Signature coated canvas and smooth leather | Zip closure | Fabric lining | Interior 1 slip pocket | Exterior 1 slip pocket at back,New With Tag,images\clutches\primary\1276 Signature Travel Patches Large Travel Kit Mahogany Multi_primary.jpg,images\clutches\hover\1276 Signature Travel Patches Large Travel Kit Mahogany Multi_hover.jpg
BALLY,Monogram Cedy Stripe Pouch Bag Multicue Midnight,IDR 5.800.000,,No discount,https://www.banananina.co.id/bags/clutches/monogram-cedy-stripe-pouch-bag-multicue-midnight-129854.html,https://media.banananina.id/catalog/product/0/0/00913280_d.jpg?v=3b277f87a6f07bf5bc9a0bdcfaa4e435&updated=2024-10-28 09:40:53,https://media.banananina.id/catalog/product/0/0/00913280_m.jpg?v=3b277f87a6f07bf5bc9a0bdcfaa4e435&updated=2024-10-28 09:40:53,monogram-cedy-stripe-pouch-bag-multicue-midnight-129854,BRAND NEW,"This versatile bag from  BALLY  comes with a beautiful design in brown. Embellished with the Bally of Switzerland logo, perfect for putting in a large bag. Comes with a leather hand strap, allowing it to be carried as a compact clutch.",Made In Romania | TPU leather | B-monogram | cow leather | wrist strap | zip top closure | flat pocket outside | Bally of Switzerland logo,Brand New,images\clutches\primary\Monogram Cedy Stripe Pouch Bag Multicue Midnight_primary.jpg,images\clutches\hover\Monogram Cedy Stripe Pouch Bag Multicue Midnight_hover.jpg
KARL LAGERFELD,Demi Neoprene Cate Pins Mini Clutch Navy,IDR 2.550.000,,No discount,https://www.banananina.co.id/bags/clutches/demi-mini-neoprene-cate-pins-clutch-navy.html,https://media.banananina.id/catalog/product/0/0/001096624_d.jpg?v=dc35e84d9a2c94b927469e7308a4f465&updated=2024-10-23 03:57:12,https://media.banananina.id/catalog/product/0/1/01096624_m.jpg?v=dc35e84d9a2c94b927469e7308a4f465&updated=2024-10-23 03:57:12,demi-mini-neoprene-cate-pins-clutch-navy,BRAND NEW,"Made of nylon material. The bag features a zip closure that opens to polyester lining with interior one slip pocket, two card slots.",Made in cambodia | Style number LH51I9DE | Silver tone hardware | Nylon material | Zip closure | Polyester lining | Interior 1 slip pocket | Interior 2 card slots | Karl Lagerfeld metal logo lettering,New With Tag,images\clutches\primary\Demi Neoprene Cate Pins Mini Clutch Navy_primary.jpg,images\clutches\hover\Demi Neoprene Cate Pins Mini Clutch Navy_hover.jpg
KARL LAGERFELD,Demi Mini Cate Pins Clutch Light Straw,IDR 2.500.000,,No discount,https://www.banananina.co.id/bags/clutches/demi-mini-cate-pins-clutch-light-straw-129433.html,https://media.banananina.id/catalog/product/0/0/001071839_d.jpg?v=f07015e437e6eafa92ff55fb35344801&updated=2024-10-22 02:23:09,https://media.banananina.id/catalog/product/0/1/01071839_m.jpg?v=f07015e437e6eafa92ff55fb35344801&updated=2024-10-22 02:23:09,demi-mini-cate-pins-clutch-light-straw-129433,BRAND NEW,"Made of straw and leather. The bag features a zip closure that opens to polyester lining with two card slots, one slip pocket, removable strap.",Made In Cambodia | Serial Number : LH41L9DE LTS | Silver Tone Hardware | Zip Closure | Polyester Lining | 2 Card Slots | 1 Slip pocket | Removable Strap | Karl Lagerfeld Metal Logo,New With Tag,images\clutches\primary\Demi Mini Cate Pins Clutch Light Straw_primary.jpg,images\clutches\hover\Demi Mini Cate Pins Clutch Light Straw_hover.jpg
COACH,C6902 Horse And Carriage Nolita 19 Black Multi,IDR 3.500.000,,No discount,https://www.banananina.co.id/c6902-horse-and-carriage-nolita-19-black-multi-128974.html,https://media.banananina.id/catalog/product/0/0/00783938_d.jpg?v=02aba98ffebc7848559dbd36b6e7db46&updated=2024-12-08,https://media.banananina.id/catalog/product/0/0/00783938_m.jpg?v=02aba98ffebc7848559dbd36b6e7db46&updated=2024-12-08,c6902-horse-and-carriage-nolita-19-black-multi-128974,BRAND NEW,"Crafted from refined pebble leather. Two credit card slots. Inside multifunction pocket. Zip-top closure, fabric lining. Handle with 6 1/4 inc drop. 7 1/2 (L) x 4 1/2 (H) x 2 (W) inc.",Made In Vietnam | Style Number: C6902 | Gunmetal Tone Hardware | Open Zip Closure | 1 Slip Pocket | 2 Card Slots,New With Tag,images\clutches\primary\C6902 Horse And Carriage Nolita 19 Black Multi_primary.jpg,images\clutches\hover\C6902 Horse And Carriage Nolita 19 Black Multi_hover.jpg
COACH,CS445 Signature Colorblock Nolita 19 Khaki Black,IDR 3.500.000,,No discount,https://www.banananina.co.id/cs445-signature-colorblock-nolita-19-khaki-black.html,https://media.banananina.id/catalog/product/0/1/01049419_d.jpg?v=02aba98ffebc7848559dbd36b6e7db46&updated=2024-12-08,https://media.banananina.id/catalog/product/0/1/01049419_m.jpg?v=02aba98ffebc7848559dbd36b6e7db46&updated=2024-12-08,cs445-signature-colorblock-nolita-19-khaki-black,BRAND NEW,"Signature coated canvas with fabric lining. The bag features an open zip closure, gold tone hardware, and two card slots.",Made in Philippines | Style number : CS445 | Open zip closure | Gold tone hardware | Metal logo lettering at top center,Brand new,images\clutches\primary\CS445 Signature Colorblock Nolita 19 Khaki Black_primary.jpg,images\clutches\hover\CS445 Signature Colorblock Nolita 19 Khaki Black_hover.jpg
FOSSIL,ZB1827015 Devon Crossbody Black Brown,IDR 1.375.000,,No discount,https://www.banananina.co.id/zb1827015-devon-crossbody-black-brown.html,https://media.banananina.id/catalog/product/0/0/00994488_d.jpg?v=02aba98ffebc7848559dbd36b6e7db46&updated=2024-12-08,https://media.banananina.id/catalog/product/0/0/00994488_m.jpg?v=02aba98ffebc7848559dbd36b6e7db46&updated=2024-12-08,zb1827015-devon-crossbody-black-brown,BRAND NEW,"Crafted from leather with polyester lining interior. The bag features an open double zip closure, old english brass tone hardware, 1 center slip pocket with button closure, 1 zip pocket, and 3 card slots.",Made in Cambodia | Style Number : ZB1827015 | Old English Brass Tone Hardware | Double Zip Closure | Polyester Lining | Three Card Slots | One Zip Pocket | 1 Slip Compartment | Adjustable/Removable Crossbody Wear,New With Tag | Completeness: Long Strap,images\clutches\primary\ZB1827015 Devon Crossbody Black Brown_primary.jpg,images\clutches\hover\ZB1827015 Devon Crossbody Black Brown_hover.jpg
MICHAEL KORS,Monogram Jet Set Item Large 2 in 1 Card Case Wristlet Camel,IDR 1.850.000,,No discount,https://www.banananina.co.id/bags/clutches/monogram-jet-set-item-large-2-in-1-card-case-wristlet-camel-128734.html,https://media.banananina.id/catalog/product/0/0/00991709_d11.jpg?v=b59cee46665dfec5a3955c286f2443c5&updated=2024-10-09 02:31:18,https://media.banananina.id/catalog/product/0/0/00991709_m.jpg?v=b59cee46665dfec5a3955c286f2443c5&updated=2024-10-09 02:31:18,monogram-jet-set-item-large-2-in-1-card-case-wristlet-camel-128734,BRAND NEW,"Made of coated canvas. The wristlet features a zip closure that opens to polyester lining with three card slots, one slip pocket, exterior one slip pocket, removable card case.",Made In Vietnam | Serial Number : 35F3STTW9R | Silver-Tone Hardware | Zip Closure | Polyester Lining | Three Card Slots | One Slip Pocket | One Slip Pocket | Removable Card Case | Removable Wrist Strap,Brand new,images\clutches\primary\Monogram Jet Set Item Large 2 in 1 Card Case Wristlet Camel_primary.jpg,images\clutches\hover\Monogram Jet Set Item Large 2 in 1 Card Case Wristlet Camel_hover.jpg
COACH,C9932 Jamie Leather Wristlet Neon Green,IDR 1.500.000,,No discount,https://www.banananina.co.id/bags/clutches/c9932-jamie-leather-wristlet-neon-green-128627.html,https://media.banananina.id/catalog/product/0/0/00884587_d23.jpg?v=d6a50d826ecf8181c0d3e7b47571919f&updated=2024-10-08 03:52:57,https://media.banananina.id/catalog/product/0/0/00884587_m23.jpg?v=d6a50d826ecf8181c0d3e7b47571919f&updated=2024-10-08 03:52:57,c9932-jamie-leather-wristlet-neon-green-128627,BRAND NEW,"Made of pebble leather. The wristlet features a zip closure that opens to fabric lining with two card slots, handle strap drop 11 cm.",Made In Indonesia | Serial Number : C9932 | Gold Tone Hardware | Zip Closure | Fabric Lining | Two Slip Pockets | Handle Drop 11 cm | Coach Metal Logo Lettering,New With Tag,images\clutches\primary\C9932 Jamie Leather Wristlet Neon Green_primary.jpg,images\clutches\hover\C9932 Jamie Leather Wristlet Neon Green_hover.jpg
MCM,Visetos Original Small 11 Inch iPad Case Black,IDR 5.750.000,,No discount,https://www.banananina.co.id/visetos-original-small-11-inch-ipad-case-black.html,https://media.banananina.id/catalog/product/0/1/01017921_d.jpg?v=02aba98ffebc7848559dbd36b6e7db46&updated=2024-12-08,https://media.banananina.id/catalog/product/0/1/01017921_m.jpg?v=02aba98ffebc7848559dbd36b6e7db46&updated=2024-12-08,visetos-original-small-11-inch-ipad-case-black,BRAND NEW,"Made with the MCM enthusiast in mind, the Visetos Original line showcases our signature monogrammed coated canvas in all its enduring beauty. MCMs house codes span the surface of this padded case for your 11 inc iPad.","Delve deeper and discover roomy interior compartments for your phone, cords, and chargers. | Made in Korea | Serial Number : MXEAAVI04BK001 10032006 | Phone sleeve with Velcro closure | Nappa leather handle | Nappa leather trim | Silver-plated hardware | Nylon lining | 1 slip pocket | 1 slip phone | 1 slip ipad case",Brand new,images\clutches\primary\Visetos Original Small 11 Inch iPad Case Black_primary.jpg,images\clutches\hover\Visetos Original Small 11 Inch iPad Case Black_hover.jpg
MARC JACOBS,S202L01PF22 The Grind Leather Cosmetic Bag Black,IDR 1.600.000,,No discount,https://www.banananina.co.id/bags/clutches/s202l01pf22-the-grind-leather-cosmetic-bag-black-121943.html,https://media.banananina.id/catalog/product/0/0/00949761_d5.jpg?v=c2f4231a0bb180bf964289768fcb7790&updated=2024-12-06 07:51:14,https://media.banananina.id/catalog/product/0/0/00949761_m5.jpg?v=c2f4231a0bb180bf964289768fcb7790&updated=2024-12-06 07:51:14,s202l01pf22-the-grind-leather-cosmetic-bag-black-121943,BRAND NEW,"Crafted from grind leather with fabric lining. It features an open zip closure, gold tone hardware, and 1 front slip pocket.",Made In Vietnam | Style Number : S202L01PF22-001 | Zip closure | Exterior 1 slip pocket at front | Logo embossed print lettering on front,New With Tag,images\clutches\primary\S202L01PF22 The Grind Leather Cosmetic Bag Black_primary.jpg,images\clutches\hover\S202L01PF22 The Grind Leather Cosmetic Bag Black_hover.jpg
MARC JACOBS,S201L01PF22 Color Block Grind Cosmetic Pouch Smoked Almond,IDR 2.500.000,,No discount,https://www.banananina.co.id/s201l01pf22-color-block-grind-cosmetic-pouch-smoked-almond.html,https://media.banananina.id/catalog/product/0/0/00845747_d.jpg?v=02aba98ffebc7848559dbd36b6e7db46&updated=2024-12-08,https://media.banananina.id/catalog/product/0/0/00845747_m.jpg?v=02aba98ffebc7848559dbd36b6e7db46&updated=2024-12-08,s201l01pf22-color-block-grind-cosmetic-pouch-smoked-almond,BRAND NEW,"Crafted from pebbled leather with polyester lining interior material. It features an open zip closure, gold tone hardware and no pocket interior.",Made In Vietnam | Style Number : S201L01PF22-244 | Zip Closure | Gold Tone Hardware,Brand new,images\clutches\primary\S201L01PF22 Color Block Grind Cosmetic Pouch Smoked Almond_primary.jpg,images\clutches\hover\S201L01PF22 Color Block Grind Cosmetic Pouch Smoked Almond_hover.jpg
COACH,CN382 Croco Leather Nolita 19 Cornflower,IDR 2.200.000,,No discount,https://www.banananina.co.id/bags/clutches/cn382-croco-leather-nolita-19-cornflower-128296.html,https://media.banananina.id/catalog/product/0/1/01088129_m.jpg?v=266b8ab727c084c510fc380241c51ecd&updated=2024-10-02 03:21:44,https://media.banananina.id/catalog/product/0/1/01088129_m.jpg?v=266b8ab727c084c510fc380241c51ecd&updated=2024-10-02 03:21:44,cn382-croco-leather-nolita-19-cornflower-128296,BRAND NEW,"Made of crocodile embossed leather. The clutch features a zip closure that opens to fabric lining with interior one slip pocket, two card slots.",Made in Cambodia | Style number CN382 | Gunmetal tone hardware | Crocodile embossed leather | Zip closure | Fabric lining | Interior 1 slip pocket | Interior 2 card slots | Coach metal logo lettering,New With Tag,images\clutches\primary\CN382 Croco Leather Nolita 19 Cornflower_primary.jpg,images\clutches\hover\CN382 Croco Leather Nolita 19 Cornflower_hover.jpg
COACH,Men 2515 Signature Small Travel Kit Charcoal Black,IDR 2.990.000,IDR 3.150.000,5%,https://www.banananina.co.id/bags/clutches/men-2515-signature-small-travel-kit-charcoal-black-124963.html,https://media.banananina.id/catalog/product/0/0/00710426_d28.jpg?v=2ad5788096f18173dcb22073f091def7&updated=2024-11-06 07:26:52,https://media.banananina.id/catalog/product/0/0/00710426_m48.jpg?v=2ad5788096f18173dcb22073f091def7&updated=2024-11-06 07:26:52,men-2515-signature-small-travel-kit-charcoal-black-124963,BRAND NEW,"Signature coated canvas and refined calf leather. Inside multifunction pocket. Zip closure, fabric lining| Handle with 1 3/4 inc drop. Outside open pocket. 8 3/4 (L) x 5 (H) x 3 1/4 (W) inc.",Made in Vietnam | Serial number 2515 | Zip Closure | Gunmetal Tone Hardware | 1 Slip Pocket | 1 Slip Pocket At Front,Brand new | Completeness: Care card,images\clutches\primary\Men 2515 Signature Small Travel Kit Charcoal Black_primary.jpg,images\clutches\hover\Men 2515 Signature Small Travel Kit Charcoal Black_hover.jpg
MICHAEL KORS,Monogram Large 2in1 Travel Pouch Crimson,IDR 2.200.000,,No discount,https://www.banananina.co.id/bags/clutches/monogram-large-2in1-travel-pouch-crimson-128087.html,https://media.banananina.id/catalog/product/0/1/01089174_d.jpg?v=5a6b636a5b28308445459a7cb7ed95b9&updated=2024-09-30 04:14:27,https://media.banananina.id/catalog/product/0/0/001089174_m.jpg?v=5a6b636a5b28308445459a7cb7ed95b9&updated=2024-09-30 04:14:27,monogram-large-2in1-travel-pouch-crimson-128087,BRAND NEW,"Signature coated canvas with polyester lining interior. The travel pouch features an open zip closure, gold tone hardware, one slip pocket and there is a small pouch.",Made in Indonesia | Style number : 38R3GJ6U9B | Open zip closure | Gold tone hardware | Metal logo lettering at top center | Smooth leather | Zip closure | 1 slip pocket | Size 18 x 5.5 x 11 cm,Brand new | Completeness: Care card,images\clutches\primary\Monogram Large 2in1 Travel Pouch Crimson_primary.jpg,images\clutches\hover\Monogram Large 2in1 Travel Pouch Crimson_hover.jpg
COACH,Men 2522 Travel Kit Smooth Leather Small Black,IDR 2.250.000,,No discount,https://www.banananina.co.id/bags/clutches/men-2522-travel-kit-smooth-leather-small-black-131332.html,https://media.banananina.id/catalog/product/0/0/00969044_d.jpg?v=8210ba57c8c026bbfddb349c6d707771&updated=2024-11-25 03:26:21,https://media.banananina.id/catalog/product/0/0/00969044_s28.jpg?v=8210ba57c8c026bbfddb349c6d707771&updated=2024-11-25 03:26:21,men-2522-travel-kit-smooth-leather-small-black-131332,BRAND NEW,Made of smooth leather. The clutches feature a zip closure that opens to fabric lining with interior one slip pocket and exterior one slip pocket.,Made in Vietnam | Style number 2522 | Gunmetal tone hardware | Smooth leather | Zip closure | Fabric lining | Interior 1 slip pocket | Exterior 1 slip pocket at back,Brand new,images\clutches\primary\Men 2522 Travel Kit Smooth Leather Small Black_primary.jpg,images\clutches\hover\Men 2522 Travel Kit Smooth Leather Small Black_hover.jpg
MICHAEL KORS,Monogram Large 2in1 Travel Pouch Crimson,IDR 2.200.000,,No discount,https://www.banananina.co.id/bags/clutches/monogram-large-2in1-travel-pouch-crimson-128087.html,https://media.banananina.id/catalog/product/0/1/01089174_d.jpg?v=5a6b636a5b28308445459a7cb7ed95b9&updated=2024-09-30 04:14:27,https://media.banananina.id/catalog/product/0/0/001089174_m.jpg?v=5a6b636a5b28308445459a7cb7ed95b9&updated=2024-09-30 04:14:27,monogram-large-2in1-travel-pouch-crimson-128087,BRAND NEW,"Signature coated canvas with polyester lining interior. The travel pouch features an open zip closure, gold tone hardware, one slip pocket and there is a small pouch.",Made in Indonesia | Style number : 38R3GJ6U9B | Open zip closure | Gold tone hardware | Metal logo lettering at top center | Smooth leather | Zip closure | 1 slip pocket | Size 18 x 5.5 x 11 cm,Brand new | Completeness: Care card,images\clutches\primary\Monogram Large 2in1 Travel Pouch Crimson_primary.jpg,images\clutches\hover\Monogram Large 2in1 Travel Pouch Crimson_hover.jpg
COACH,CN382 Croco Leather Nolita 19 Cornflower,IDR 2.200.000,,No discount,https://www.banananina.co.id/bags/clutches/cn382-croco-leather-nolita-19-cornflower-128296.html,https://media.banananina.id/catalog/product/0/1/01088129_m.jpg?v=266b8ab727c084c510fc380241c51ecd&updated=2024-10-02 03:21:44,https://media.banananina.id/catalog/product/0/1/01088129_m.jpg?v=266b8ab727c084c510fc380241c51ecd&updated=2024-10-02 03:21:44,cn382-croco-leather-nolita-19-cornflower-128296,BRAND NEW,"Made of crocodile embossed leather. The clutch features a zip closure that opens to fabric lining with interior one slip pocket, two card slots.",Made in Cambodia | Style number CN382 | Gunmetal tone hardware | Crocodile embossed leather | Zip closure | Fabric lining | Interior 1 slip pocket | Interior 2 card slots | Coach metal logo lettering,New With Tag,images\clutches\primary\CN382 Croco Leather Nolita 19 Cornflower_primary.jpg,images\clutches\hover\CN382 Croco Leather Nolita 19 Cornflower_hover.jpg
MICHAEL KORS,Signature Cooper Stripe and Faux Leather Large Wristlet Yellow,IDR 2.900.000,,No discount,https://www.banananina.co.id/signature-cooper-stripe-and-faux-leather-large-wristlet-yellow.html,https://media.banananina.id/catalog/product/0/0/00924242_d.jpg?v=02aba98ffebc7848559dbd36b6e7db46&updated=2024-12-08,https://media.banananina.id/catalog/product/0/0/00924242_m.jpg?v=02aba98ffebc7848559dbd36b6e7db46&updated=2024-12-08,signature-cooper-stripe-and-faux-leather-large-wristlet-yellow,BRAND NEW,"made of signature coated canvas mix leather material with logo polyester lining interior. It features an open zip closure, silver tone hardware, 1 zip pocket, 2 slip pockets and removable wrist strap.",Made in India | Style number : 37R3LCOU9U | Silver tone hardware | Signature coated canvas | Open zip closure | Polyester lining | Interior 1 zip pocket | Interior 2 slip pockets | Removable wirst strap,Brand new,images\clutches\primary\Signature Cooper Stripe and Faux Leather Large Wristlet Yellow_primary.jpg,images\clutches\hover\Signature Cooper Stripe and Faux Leather Large Wristlet Yellow_hover.jpg
MICHAEL KORS,Jet Set Travel Leather Large Top Zip Wristlet Luggage,IDR 1.500.000,,No discount,https://www.banananina.co.id/bags/clutches/jet-set-travel-leather-large-top-zip-wristlet-luggage-127107.html,https://media.banananina.id/catalog/product/0/1/01082167_d.jpg?v=2a587eaee54990006de8a2305591562c&updated=2024-09-19 06:38:29,https://media.banananina.id/catalog/product/0/1/01082167_m.jpg?v=2a587eaee54990006de8a2305591562c&updated=2024-09-19 06:38:29,jet-set-travel-leather-large-top-zip-wristlet-luggage-127107,BRAND NEW,"Made of pebble leather with logo polyester lining. The wristlet features an open zip closure, gold tone hardware, and one slip pocket.",Made in Indonesia | Style Number : 35S4GTVW3L | Open zip closure | Gold tone hardware | 1 interior slip pocket | Michael Kors metal logo lettering,Brand New | Completeness: Care card,images\clutches\primary\Jet Set Travel Leather Large Top Zip Wristlet Luggage_primary.jpg,images\clutches\hover\Jet Set Travel Leather Large Top Zip Wristlet Luggage_hover.jpg
COACH,CU178 Signature Terry Cosmetic Case Black,IDR 1.800.000,,No discount,https://www.banananina.co.id/bags/clutches/cu178-signature-terry-cosmetic-case-black-127046.html,https://media.banananina.id/catalog/product/0/0/001083075_d.jpg?v=20972a25a61b3ad48d1b1f38c62ebd31&updated=2024-09-10 02:07:06,https://media.banananina.id/catalog/product/0/1/01083075_m.jpg?v=20972a25a61b3ad48d1b1f38c62ebd31&updated=2024-09-10 02:07:06,cu178-signature-terry-cosmetic-case-black-127046,BRAND NEW,Made of fabric. The bag features a zip closure that opens to fabric lining with silver tone hardware.,Made In Philippines | Serial Number : CU178 | Silver Tone Hardware | Zip Closure | Fabric Lining,New With Tag,images\clutches\primary\CU178 Signature Terry Cosmetic Case Black_primary.jpg,images\clutches\hover\CU178 Signature Terry Cosmetic Case Black_hover.jpg
MICHAEL KORS,Jet Set Travel Leather Large Top Zip Wristlet Camel,IDR 1.500.000,,No discount,https://www.banananina.co.id/bags/clutches/jet-set-travel-leather-large-top-zip-wristlet-camel-126938.html,https://media.banananina.id/catalog/product/0/0/001082198_d.jpg?v=b10adf9ca612e0a38ce012c8ac736b75&updated=2024-09-09 03:37:05,https://media.banananina.id/catalog/product/0/1/01082198_m.jpg?v=b10adf9ca612e0a38ce012c8ac736b75&updated=2024-09-09 03:37:05,jet-set-travel-leather-large-top-zip-wristlet-camel-126938,BRAND NEW,"Made of pebble leather with logo polyester lining. The wristlet features an open zip closure, gold tone hardware, and one slip pocket.",Made in Indonesia | Style Number : 35S4GTVW3L | Open zip closure | Gold tone hardware | 1 interior slip pocket | Michael Kors metal logo lettering,Brand New | Completeness: Care card,images\clutches\primary\Jet Set Travel Leather Large Top Zip Wristlet Camel_primary.jpg,images\clutches\hover\Jet Set Travel Leather Large Top Zip Wristlet Camel_hover.jpg
COACH,CH309 Jamie Coach Stripe Wristlet Wine Multi,IDR 1.500.000,,No discount,https://www.banananina.co.id/bags/clutches/ch309-jamie-coach-stripe-wristlet-wine-multi-126247.html,https://media.banananina.id/catalog/product/0/0/00977778_d2_1.jpg?v=555f6c2ec7f3fbfe407852ae78a4702f&updated=2024-10-09 02:48:04,https://media.banananina.id/catalog/product/0/0/00977778_m2.jpg?v=555f6c2ec7f3fbfe407852ae78a4702f&updated=2024-10-09 02:48:04,ch309-jamie-coach-stripe-wristlet-wine-multi-126247,BRAND NEW,"Crafted from refined pebble leather. It features an open zip closure, silver tone hardware, 2 card slots, and embossed logo on the front.",Made in Philippines | Serial number CH309 | Silver tone hardware | Zip closure | Fabric Lining | Strap with dogleash clip attached,Brand New,images\clutches\primary\CH309 Jamie Coach Stripe Wristlet Wine Multi_primary.jpg,images\clutches\hover\CH309 Jamie Coach Stripe Wristlet Wine Multi_hover.jpg
COACH,CR830 Nolita Barrel Bag Black,IDR 2.500.000,,No discount,https://www.banananina.co.id/cr830-nolita-barrel-bag-black.html,https://media.banananina.id/catalog/product/0/1/01078211_d.jpg?v=02aba98ffebc7848559dbd36b6e7db46&updated=2024-12-08,https://media.banananina.id/catalog/product/0/1/01078211_m.jpg?v=02aba98ffebc7848559dbd36b6e7db46&updated=2024-12-08,cr830-nolita-barrel-bag-black,BRAND NEW,"Made of smooth leather with fabric lining. The bag features an open zip closure, silver tone hardware, and no pocket interior.",Made in Myanmar | Style number : CR830 | Open zip closure | Silver tone hardware | Metal logo lettering at top center,Brand new | Completeness: Care card,images\clutches\primary\CR830 Nolita Barrel Bag Black_primary.jpg,images\clutches\hover\CR830 Nolita Barrel Bag Black_hover.jpg
COACH,CP475 Signature Nolita Barrel Bag Khaki Saddle,IDR 2.500.000,,No discount,https://www.banananina.co.id/bags/clutches/cp475-signature-nolita-barrel-bag-khaki-saddle.html,https://media.banananina.id/catalog/product/0/0/001078136_d.jpg?v=435692a7efb2263cb24cec3a09859b5b&updated=2024-08-23 09:17:18,https://media.banananina.id/catalog/product/0/1/01078136_m.jpg?v=435692a7efb2263cb24cec3a09859b5b&updated=2024-08-23 09:17:18,cp475-signature-nolita-barrel-bag-khaki-saddle,BRAND NEW,"Signature coated canvas with fabric lining. The bag features an open zip closure, silver tone hardware, and no pocket inside.",Made in Myanmar | Style number : CP475 | Open zip closure | Silver tone hardware | Metal logo lettering at top center,Brand new | Completeness: Care card,images\clutches\primary\CP475 Signature Nolita Barrel Bag Khaki Saddle_primary.jpg,images\clutches\hover\CP475 Signature Nolita Barrel Bag Khaki Saddle_hover.jpg
KATE SPADE,Chelsea Nylon Cosmetic Bag Black,IDR 925.000,,No discount,https://www.banananina.co.id/bags/clutches/chelsea-nylon-cosmetic-bag-black-131228.html,https://media.banananina.id/catalog/product/0/1/01078204_d.jpg?v=4face7dc3a55a7597dc124c18178408d&updated=2024-11-21 10:17:23,https://media.banananina.id/catalog/product/0/1/01078204_d.jpg?v=4face7dc3a55a7597dc124c18178408d&updated=2024-11-21 10:17:23,chelsea-nylon-cosmetic-bag-black-131228,BRAND NEW,"Made of nylon with nylon lining. The cosmetic bag features an open zip closure, gold tone hardware, and no pocket interior.",Made in Philippines | Style number : KH612 | Open zip closure | Gold tone hardware | Metal logo lettering at top center,Brand new,images\clutches\primary\Chelsea Nylon Cosmetic Bag Black_primary.jpg,images\clutches\hover\Chelsea Nylon Cosmetic Bag Black_hover.jpg
KATE SPADE,Chelsea Nylon Medium Cosmetic Black,IDR 1.300.000,,No discount,https://www.banananina.co.id/chelsea-nylon-medium-cosmetic-black.html,https://media.banananina.id/catalog/product/0/1/01002112_d.jpg?v=02aba98ffebc7848559dbd36b6e7db46&updated=2024-12-08,https://media.banananina.id/catalog/product/0/1/01002112_m.jpg?v=02aba98ffebc7848559dbd36b6e7db46&updated=2024-12-08,chelsea-nylon-medium-cosmetic-black,BRAND NEW,"Perfect for organizing your essentials, the Kate Spade Chelsea Medium Cosmetic Pouch is crafted in light-weight, water-resistant nylon.",Made in Philippines | Serial number KC632 | Cosmetic Pouch | KSNY Signature Lettering Pinmount Logo | Top-Zip Closure | Nylon Lining | Light-Gold-Toned Hardware,New With Tag,images\clutches\primary\Chelsea Nylon Medium Cosmetic Black_primary.jpg,images\clutches\hover\Chelsea Nylon Medium Cosmetic Black_hover.jpg
COACH,C9932 Jamie Leather Wristlet Watermelon,IDR 1.600.000,,No discount,https://www.banananina.co.id/bags/clutches/c9932-jamie-leather-wristlet-watermelon-125634.html,https://media.banananina.id/catalog/product/0/0/00876419_d.jpg?v=c5b4bdf603936af90e0dccaab7c60f6a&updated=2024-08-16 03:49:33,https://media.banananina.id/catalog/product/0/0/00876419_m64.jpg?v=c5b4bdf603936af90e0dccaab7c60f6a&updated=2024-08-16 03:49:33,c9932-jamie-leather-wristlet-watermelon-125634,BRAND NEW,"Made of leather. The wristlet features a zip closure that opens to fabric lining with two card slots, coach metal logo lettering.",Made In Indonesia | Serial Number : C9932 | Gold Tone Hardware | Fabric Lining | Two Card Slots | Coach Metal Logo Lettering,Brand new | Completeness: Care card,images\clutches\primary\C9932 Jamie Leather Wristlet Watermelon_primary.jpg,images\clutches\hover\C9932 Jamie Leather Wristlet Watermelon_hover.jpg
COACH,CL676 Signature Rose Nolita 19 Brown Iris Multi,IDR 3.500.000,,No discount,https://www.banananina.co.id/cl676-signature-rose-nolita-19-brown-iris-multi.html,https://media.banananina.id/catalog/product/0/0/00972198_d.jpg?v=02aba98ffebc7848559dbd36b6e7db46&updated=2024-12-08,https://media.banananina.id/catalog/product/0/0/00972198_m.jpg?v=02aba98ffebc7848559dbd36b6e7db46&updated=2024-12-08,cl676-signature-rose-nolita-19-brown-iris-multi,BRAND NEW,"Made of signature coated canvas and smooth leather. The clutch feature a zip closure that opens to fabric lining with interior one slip pocket, two card slots.",Made in Philippines | Style number CL676 | Silver tone hardware | Signature coated canvas and smooth leather | Zip closure | Fabric lining | Interior 1 slip pocket | Interior 2 card slots | Coach metal logo lettering,Brand new | Completeness: Care card,images\clutches\primary\CL676 Signature Rose Nolita 19 Brown Iris Multi_primary.jpg,images\clutches\hover\CL676 Signature Rose Nolita 19 Brown Iris Multi_hover.jpg
MICHAEL KORS,Signature Travel Accessories Medium Wristlet Pouch Buttermilk Multi,IDR 2.150.000,IDR 2.450.000,12%,https://www.banananina.co.id/signature-travel-accessories-medium-wristlet-pouch-buttermilk-multi.html,https://media.banananina.id/catalog/product/0/1/01072563_d.jpg?v=02aba98ffebc7848559dbd36b6e7db46&updated=2024-12-08,https://media.banananina.id/catalog/product/0/1/01072563_m.jpg?v=02aba98ffebc7848559dbd36b6e7db46&updated=2024-12-08,signature-travel-accessories-medium-wristlet-pouch-buttermilk-multi,BRAND NEW,"Signature coated canvas with polyester lining. The wristlet pouch an open zip closure, gold tone hardware, one slip pocket, six card slots and removable wrist strap.",Made in Cambodia | Style number : 32H0GTMW8B | Open zip closure | Gold tone hardware | Metal logo lettering at top center,Brand new | Completeness: Care card,images\clutches\primary\Signature Travel Accessories Medium Wristlet Pouch Buttermilk Multi_primary.jpg,images\clutches\hover\Signature Travel Accessories Medium Wristlet Pouch Buttermilk Multi_hover.jpg
COACH,Men 2515 Signature Small Travel Kit Charcoal Black,IDR 2.990.000,IDR 3.150.000,5%,https://www.banananina.co.id/bags/clutches/men-2515-signature-small-travel-kit-charcoal-black-124963.html,https://media.banananina.id/catalog/product/0/0/00710426_d28.jpg?v=2ad5788096f18173dcb22073f091def7&updated=2024-11-06 07:26:52,https://media.banananina.id/catalog/product/0/0/00710426_m48.jpg?v=2ad5788096f18173dcb22073f091def7&updated=2024-11-06 07:26:52,men-2515-signature-small-travel-kit-charcoal-black-124963,,,,,images\clutches\primary\Men 2515 Signature Small Travel Kit Charcoal Black_primary.jpg,images\clutches\hover\Men 2515 Signature Small Travel Kit Charcoal Black_hover.jpg
KARL LAGERFELD,Demi Mini Cate Pins Clutch Light Straw,IDR 2.500.000,,No discount,https://www.banananina.co.id/bags/clutches/demi-mini-cate-pins-clutch-light-straw-129433.html,https://media.banananina.id/catalog/product/0/0/001071839_d.jpg?v=f07015e437e6eafa92ff55fb35344801&updated=2024-10-22 02:23:09,https://media.banananina.id/catalog/product/0/1/01071839_m.jpg?v=f07015e437e6eafa92ff55fb35344801&updated=2024-10-22 02:23:09,demi-mini-cate-pins-clutch-light-straw-129433,BRAND NEW,"Made of straw and leather. The bag features a zip closure that opens to polyester lining with two card slots, one slip pocket, removable strap.",Made In Cambodia | Serial Number : LH41L9DE LTS | Silver Tone Hardware | Zip Closure | Polyester Lining | 2 Card Slots | 1 Slip pocket | Removable Strap | Karl Lagerfeld Metal Logo,New With Tag,images\clutches\primary\Demi Mini Cate Pins Clutch Light Straw_primary.jpg,images\clutches\hover\Demi Mini Cate Pins Clutch Light Straw_hover.jpg
COACH,C3387 Jacquard Horse and Carriage Turnlock Pouch Black Cherry,IDR 2.400.000,IDR 2.700.000,11%,https://www.banananina.co.id/c3387-jacquard-horse-and-carriage-turnlock-pouch-black-cherry.html,https://media.banananina.id/catalog/product/0/1/01070068_d.jpg?v=02aba98ffebc7848559dbd36b6e7db46&updated=2024-12-08,https://media.banananina.id/catalog/product/0/1/01070068_m.jpg?v=02aba98ffebc7848559dbd36b6e7db46&updated=2024-12-08,c3387-jacquard-horse-and-carriage-turnlock-pouch-black-cherry,BRAND NEW,"Made of jacquard and refined calf leather with fabric lining. The pouch features an open zip closure, inside zip pocket and detachable wrist strap.",Made In Vietnam | Zip Closure | Gold Tone Hardware | Removable Wrist Strap,Brand new | Completeness: Care card,images\clutches\primary\C3387 Jacquard Horse and Carriage Turnlock Pouch Black Cherry_primary.jpg,images\clutches\hover\C3387 Jacquard Horse and Carriage Turnlock Pouch Black Cherry_hover.jpg
COACH,CB851 Signature Jamie Varsity Motif Wristlet Brown Watermelon,IDR 2.750.000,,No discount,https://www.banananina.co.id/bags/clutches/cb851-signature-jamie-varsity-motif-wristlet-brown-watermelon.html,https://media.banananina.id/catalog/product/0/0/00856976_d.jpg?v=7bb3a801098e3d79c2989d68ccd46911&updated=2024-07-31 10:50:27,https://media.banananina.id/catalog/product/0/0/00856976_m.jpg?v=7bb3a801098e3d79c2989d68ccd46911&updated=2024-07-31 10:50:27,cb851-signature-jamie-varsity-motif-wristlet-brown-watermelon,BRAND NEW,Signature coated canvas and smooth leather. Two credit card slots. Strap with dogleash clip attached. 7 (L) x 4 (H) x 2 (W) inc.,Made In Indonesia | Style Number : CB851 | Gold Tone Hardware | 2 Card Slots,Brand new | Completeness: Care card,images\clutches\primary\CB851 Signature Jamie Varsity Motif Wristlet Brown Watermelon_primary.jpg,images\clutches\hover\CB851 Signature Jamie Varsity Motif Wristlet Brown Watermelon_hover.jpg
LONGCHAMP,Le Pliage Green Pouch With Handle Bleuet,IDR 2.000.000,,No discount,https://www.banananina.co.id/le-pliage-green-pouch-with-handle-bleuet.html,https://media.banananina.id/catalog/product/0/1/01009938_d.jpg?v=02aba98ffebc7848559dbd36b6e7db46&updated=2024-12-08,https://media.banananina.id/catalog/product/0/1/01009938_m.jpg?v=02aba98ffebc7848559dbd36b6e7db46&updated=2024-12-08,le-pliage-green-pouch-with-handle-bleuet,BRAND NEW,"Made of recycled polyamide canvas with inside coating. The bag features an open button and zip closure, silver tone hardware, no pocket inside, and top handle. This zipped cosmetics bag with a handle can hold all your beauty essentials.",Made in Romania | Style Number : 34175919P82 | Silver Tone Hardware | Zip and Flap Button Closure | Handle Drop 5 cm,New With Tag,images\clutches\primary\Le Pliage Green Pouch With Handle Bleuet_primary.jpg,images\clutches\hover\Le Pliage Green Pouch With Handle Bleuet_hover.jpg
COACH,CR364 Nolita 19 Debossed C Smooth Leather Clutch Black,IDR 2.175.000,,No discount,https://www.banananina.co.id/bags/clutches/cr364-nolita-19-debossed-c-smooth-leather-clutch-black-131461.html,https://media.banananina.id/catalog/product/0/1/01062259_d.jpg?v=8305e145227677d4d3b1eff4233f3459&updated=2024-11-26 10:46:55,https://media.banananina.id/catalog/product/0/1/01062259_m.jpg?v=8305e145227677d4d3b1eff4233f3459&updated=2024-11-26 10:46:55,cr364-nolita-19-debossed-c-smooth-leather-clutch-black-131461,BRAND NEW,"Made of smooth leather. The bag features a zip closure that opens to fabric lining with interior two card slots, strap drop 16 cm.",Made In Vietnam | Serial Number : CR364 | Silver -Tone Hardware | Zip Closure | Fabric Lining | Two Card Slots | Strap Drop 16 cm | C Embossed Logo,New With Tag,images\clutches\primary\CR364 Nolita 19 Debossed C Smooth Leather Clutch Black_primary.jpg,images\clutches\hover\CR364 Nolita 19 Debossed C Smooth Leather Clutch Black_hover.jpg
KARL LAGERFELD,Amour Cosmetic Case Black,IDR 1.350.000,,No discount,https://www.banananina.co.id/bags/clutches/amour-cosmetic-case-black-124301.html,https://media.banananina.id/catalog/product/0/0/00947006_s.jpg?v=afc5d487f4cb6c04a0cf80457c4e32c7&updated=2024-07-26 10:36:25,https://media.banananina.id/catalog/product/0/0/00947006_s.jpg?v=afc5d487f4cb6c04a0cf80457c4e32c7&updated=2024-07-26 10:36:25,amour-cosmetic-case-black-124301,BRAND NEW,"The Amour Collection Offers a charming yet sophisticated mix of nylon handbags. Featuring unique print and details, This collectin promises the ultimate everyday bags with playful twists.",Made In Cambodia | Style Number : LH3RE1AV | Polyester | Metal logo lettering at top center | Silver tone hardware | Open zip closure | No Pocket,New With Tag,images\clutches\primary\Amour Cosmetic Case Black_primary.jpg,images\clutches\hover\Amour Cosmetic Case Black_hover.jpg
LONGCHAMP,Le Pliage Original Pouch With Handle Vert,IDR 1.975.000,,No discount,https://www.banananina.co.id/le-pliage-original-pouch-with-handle-vert.html,https://media.banananina.id/catalog/product/0/1/01068594_d.jpg?v=02aba98ffebc7848559dbd36b6e7db46&updated=2024-12-08,https://media.banananina.id/catalog/product/0/1/01068594_m.jpg?v=02aba98ffebc7848559dbd36b6e7db46&updated=2024-12-08,le-pliage-original-pouch-with-handle-vert,BRAND NEW,"Made of recycled polyamide canvas with inside coating. The bag features an open button and zip closure, gold tone hardware, no pocket inside, and top handle. This zipped cosmetics bag with a handle can hold all your beauty essentials.",Made in Tunisia | Serial number 34175089P88 | Gold tone hardware | Button snap and zip closure,Brand new | Completeness: Care card,images\clutches\primary\Le Pliage Original Pouch With Handle Vert_primary.jpg,images\clutches\hover\Le Pliage Original Pouch With Handle Vert_hover.jpg
LONGCHAMP,Le Pliage Original Pouch With Handle Navy,IDR 1.975.000,,No discount,https://www.banananina.co.id/bags/clutches/le-pliage-original-pouch-with-handle-navy.html,https://media.banananina.id/catalog/product/0/0/001009891_d.jpg?v=8d93d87c240080f9c12fb49af9a65124&updated=2024-09-06 08:57:47,https://media.banananina.id/catalog/product/0/1/01009891_m.jpg?v=8d93d87c240080f9c12fb49af9a65124&updated=2024-09-06 08:57:47,le-pliage-original-pouch-with-handle-navy,BRAND NEW,"Made of recycled polyamide canvas with inside coating. The bag features an open button and zip closure, gold tone hardware, no pocket inside, and top handle. This zipped cosmetics bag with a handle can hold all your beauty essentials.",Made in China | Style number : 341759089P68 | Gold tone hardware | Button snap and zip closure,Brand new | Completeness: Care card,images\clutches\primary\Le Pliage Original Pouch With Handle Navy_primary.jpg,images\clutches\hover\Le Pliage Original Pouch With Handle Navy_hover.jpg
MICHAEL KORS,Monogram Jet Set Item Large 2 in 1 Card Case Wristlet Black,IDR 2.000.000,,No discount,https://www.banananina.co.id/monogram-jet-set-item-large-2-in-1-card-case-wristlet-black.html,https://media.banananina.id/catalog/product/0/1/01065914_d.jpg?v=02aba98ffebc7848559dbd36b6e7db46&updated=2024-12-08,https://media.banananina.id/catalog/product/0/1/01065914_m.jpg?v=02aba98ffebc7848559dbd36b6e7db46&updated=2024-12-08,monogram-jet-set-item-large-2-in-1-card-case-wristlet-black,BRAND NEW,"Made of coated canvas. The wristlet features a zip closure that opens to polyester lining with three card slots, one slip pocket, exterior one slip pocket, removable card case.",Made In Vietnam | Serial Number : 35F3STTW9R | Silver-Tone Hardware | Zip Closure | Polyester Lining | Three Card Slots | One Slip Pocket | One Slip Pocket | Removable Card Case | Removable Wrist Strap,Brand new | Completeness: Care card,images\clutches\primary\Monogram Jet Set Item Large 2 in 1 Card Case Wristlet Black_primary.jpg,images\clutches\hover\Monogram Jet Set Item Large 2 in 1 Card Case Wristlet Black_hover.jpg
MICHAEL KORS,Monogram Jet Set Item Large 2 in 1 Card Case Wristlet Camel,IDR 1.850.000,,No discount,https://www.banananina.co.id/bags/clutches/monogram-jet-set-item-large-2-in-1-card-case-wristlet-camel-128734.html,https://media.banananina.id/catalog/product/0/0/00991709_d11.jpg?v=b59cee46665dfec5a3955c286f2443c5&updated=2024-10-09 02:31:18,https://media.banananina.id/catalog/product/0/0/00991709_m.jpg?v=b59cee46665dfec5a3955c286f2443c5&updated=2024-10-09 02:31:18,monogram-jet-set-item-large-2-in-1-card-case-wristlet-camel-128734,BRAND NEW,"Made of coated canvas. The wristlet features a zip closure that opens to polyester lining with three card slots, one slip pocket, exterior one slip pocket, removable card case.",Made In Vietnam | Serial Number : 35F3STTW9R | Silver-Tone Hardware | Zip Closure | Polyester Lining | Three Card Slots | One Slip Pocket | One Slip Pocket | Removable Card Case | Removable Wrist Strap,Brand new,images\clutches\primary\Monogram Jet Set Item Large 2 in 1 Card Case Wristlet Camel_primary.jpg,images\clutches\hover\Monogram Jet Set Item Large 2 in 1 Card Case Wristlet Camel_hover.jpg
LONGCHAMP,Le Pliage Green Pouch With Handle Bilberry,IDR 2.080.000,,No discount,https://www.banananina.co.id/le-pliage-green-pouch-with-handle-bilberry.html,https://media.banananina.id/catalog/product/0/1/01065570_d.jpg?v=02aba98ffebc7848559dbd36b6e7db46&updated=2024-12-08,https://media.banananina.id/catalog/product/0/1/01065570_m.jpg?v=02aba98ffebc7848559dbd36b6e7db46&updated=2024-12-08,le-pliage-green-pouch-with-handle-bilberry,BRAND NEW,"Made of recycled polyamide canvas with inside coating. The bag features an open button and zip closure, silver tone hardware, no pocket inside, and top handle. This zipped cosmetics bag with a handle can hold all your beauty essentials.",Made in China | Style number : 34175919645 | Silver tone hardware | Button snap and zip closure,Brand new | Completeness: Care card,images\clutches\primary\Le Pliage Green Pouch With Handle Bilberry_primary.jpg,images\clutches\hover\Le Pliage Green Pouch With Handle Bilberry_hover.jpg
MARC JACOBS,S202L01PF22 The Grind Leather Cosmetic Bag Marshmallow,IDR 1.700.000,,No discount,https://www.banananina.co.id/bags/clutches/s202l01pf22-the-grind-leather-cosmetic-bag-marshmallow-122069.html,https://media.banananina.id/catalog/product/0/0/00943747_d.jpg?v=67f55d4f4c8036a998c694dcb9ce591a&updated=2024-12-06 08:15:05,https://media.banananina.id/catalog/product/0/0/00943747_m.jpg?v=67f55d4f4c8036a998c694dcb9ce591a&updated=2024-12-06 08:15:05,s202l01pf22-the-grind-leather-cosmetic-bag-marshmallow-122069,BRAND NEW,"Crafted from grind leather with fabric lining. It features an open zip closure, gold tone hardware, and 1 front slip pocket.",Made In Vietnam | Style Number : S202L01PF22-102 | Zip Closure | Polyester Lining | 1 Slip Pocket at Front | Logo Embossed Print Lettering on Front,New with Tag,images\clutches\primary\S202L01PF22 The Grind Leather Cosmetic Bag Marshmallow_primary.jpg,images\clutches\hover\S202L01PF22 The Grind Leather Cosmetic Bag Marshmallow_hover.jpg
MARC JACOBS,S202L01PF22 The Grind Leather Cosmetic Bag Smoked Almond,IDR 1.725.000,,No discount,https://www.banananina.co.id/bags/clutches/s202l01pf22-the-grind-leather-cosmetic-bag-smoked-almond.html,https://media.banananina.id/catalog/product/0/0/00939235_d08.jpg?v=622b1cfc83ce2ac7e0fd28290f9b31ea&updated=2024-07-19 07:13:35,https://media.banananina.id/catalog/product/0/0/00939235_m22.jpg?v=622b1cfc83ce2ac7e0fd28290f9b31ea&updated=2024-07-19 07:13:35,s202l01pf22-the-grind-leather-cosmetic-bag-smoked-almond,BRAND NEW,"Crafted from grind leather with fabric lining. It features an open zip closure, gold tone hardware, and 1 front slip pocket.",Made In Vietnam | Style Number : S202L01PF22-240 | Zip closure | Logo embossed print lettering on front,New With Tag,images\clutches\primary\S202L01PF22 The Grind Leather Cosmetic Bag Smoked Almond_primary.jpg,images\clutches\hover\S202L01PF22 The Grind Leather Cosmetic Bag Smoked Almond_hover.jpg
KATE SPADE,Glimmer Glitter Chain Pochette Black,IDR 2.950.000,,No discount,https://www.banananina.co.id/glimmer-glitter-chain-pochette-black.html,https://media.banananina.id/catalog/product/0/1/01063044_d.jpg?v=02aba98ffebc7848559dbd36b6e7db46&updated=2024-12-08,https://media.banananina.id/catalog/product/0/1/01063044_m.jpg?v=02aba98ffebc7848559dbd36b6e7db46&updated=2024-12-08,glimmer-glitter-chain-pochette-black,BRAND NEW,"Made of glitter. The clutch pouchette features a zip closure that opens to polyester lining with 3 card slots, removable chain strap.",Made In Cambodia | Serial Number : KE453 | Gold-Tone Hardware | Zip Closure | Polyester Lining | 3 Card Slots | Removable Chain Strap | Metal Pinmount Logo,Brand new,images\clutches\primary\Glimmer Glitter Chain Pochette Black_primary.jpg,images\clutches\hover\Glimmer Glitter Chain Pochette Black_hover.jpg
COACH,CR355 Varsity Carry All Pouch Light Saddle,IDR 2.750.000,,No discount,https://www.banananina.co.id/bags/clutches/cr355-varsity-carry-all-pouch-light-saddle-131949.html,https://media.banananina.id/catalog/product/0/1/01040358_d.jpg?v=afb8f54dcaaa67c43da7b3f058934118&updated=2024-12-05 09:57:45,https://media.banananina.id/catalog/product/0/1/01040358_m.jpg?v=afb8f54dcaaa67c43da7b3f058934118&updated=2024-12-05 09:57:45,cr355-varsity-carry-all-pouch-light-saddle-131949,BRAND NEW,"Made of refined pebble leather with fabric lining. The pouch features an open zip closure, silver tone hardware, two slip pockets, and one front exterior zip pocket.",Made in Philippines | Style number :  CR355 | Open zip closure | Silver tone hardware | Removable wrist strap,New with Tag | Completeness: Care Card | wrist Strap,images\clutches\primary\CR355 Varsity Carry All Pouch Light Saddle_primary.jpg,images\clutches\hover\CR355 Varsity Carry All Pouch Light Saddle_hover.jpg
COACH,C9119 Signature Legacy Dempsey Boxy 20 Cosmetic Case Denim Midnight Navy Multi,IDR 1.850.000,,No discount,https://www.banananina.co.id/bags/clutches/c9119-signature-legacy-dempsey-boxy-20-cosmetic-case-denim-midnight-navy-multi-122857.html,https://media.banananina.id/catalog/product/0/0/00940358_d7.jpg?v=b3178e2b4bc8af657758c5b10a2fd4cc&updated=2024-07-09 04:40:02,https://media.banananina.id/catalog/product/0/0/00940358_m7.jpg?v=b3178e2b4bc8af657758c5b10a2fd4cc&updated=2024-07-09 04:40:02,c9119-signature-legacy-dempsey-boxy-20-cosmetic-case-denim-midnight-navy-multi-122857,BRAND NEW,"Signature canvas and refined pebble leather. Inside multifunction pocket. Zip closure, fabric lining. Wrist strap attached.",Made In Indonesia | Style Number: C9119 | Silver Tone Hardware | Zip Closure | Fabric lining | 1 Slip Pocket,New With Tag,images\clutches\primary\C9119 Signature Legacy Dempsey Boxy 20 Cosmetic Case Denim Midnight Navy Multi_primary.jpg,images\clutches\hover\C9119 Signature Legacy Dempsey Boxy 20 Cosmetic Case Denim Midnight Navy Multi_hover.jpg
COACH,CR364 Nolita 19 Debossed C Smooth Leather Clutch Taupe,IDR 2.175.000,,No discount,https://www.banananina.co.id/bags/clutches/cr364-nolita-19-debossed-c-smooth-leather-clutch-taupe.html,https://media.banananina.id/catalog/product/0/1/01052037_d.jpg?v=a315106ff122444e35ddb0a22f4a5102&updated=2024-11-22 11:17:39,https://media.banananina.id/catalog/product/0/1/01052037_m.jpg?v=a315106ff122444e35ddb0a22f4a5102&updated=2024-11-22 11:17:39,cr364-nolita-19-debossed-c-smooth-leather-clutch-taupe,BRAND NEW,"Made of smooth leather. The bag features a zip closure that opens to fabric lining with two card slots, strap drop 16 cm.",Made In Vietnam | Serial number :  CR364 | Silver -Tone Hardware | Zip Closure | Fabric Lining | Interior 2 Card Slots | Strap Drop 16 cm | C Embossed Logo,Brand new,images\clutches\primary\CR364 Nolita 19 Debossed C Smooth Leather Clutch Taupe_primary.jpg,images\clutches\hover\CR364 Nolita 19 Debossed C Smooth Leather Clutch Taupe_hover.jpg
COACH,Men 2515 Signature Small Travel Kit Charcoal Black,IDR 2.990.000,IDR 3.150.000,5%,https://www.banananina.co.id/bags/clutches/men-2515-signature-small-travel-kit-charcoal-black-124963.html,https://media.banananina.id/catalog/product/0/0/00710426_d28.jpg?v=2ad5788096f18173dcb22073f091def7&updated=2024-11-06 07:26:52,https://media.banananina.id/catalog/product/0/0/00710426_m48.jpg?v=2ad5788096f18173dcb22073f091def7&updated=2024-11-06 07:26:52,men-2515-signature-small-travel-kit-charcoal-black-124963,BRAND NEW,"Signature coated canvas and refined calf leather. Inside multifunction pocket. Zip closure, fabric lining| Handle with 1 3/4 inc drop. Outside open pocket. 8 3/4 (L) x 5 (H) x 3 1/4 (W) inc.",Made in Vietnam | Serial number 2515 | Zip Closure | Gunmetal Tone Hardware | 1 Slip Pocket | 1 Slip Pocket At Front,Brand new | Completeness: Care card,images\clutches\primary\Men 2515 Signature Small Travel Kit Charcoal Black_primary.jpg,images\clutches\hover\Men 2515 Signature Small Travel Kit Charcoal Black_hover.jpg
MARC JACOBS,S202L01PF22 The Grind Leather Cosmetic Bag Black,IDR 1.600.000,,No discount,https://www.banananina.co.id/bags/clutches/s202l01pf22-the-grind-leather-cosmetic-bag-black-121943.html,https://media.banananina.id/catalog/product/0/0/00949761_d5.jpg?v=c2f4231a0bb180bf964289768fcb7790&updated=2024-12-06 07:51:14,https://media.banananina.id/catalog/product/0/0/00949761_m5.jpg?v=c2f4231a0bb180bf964289768fcb7790&updated=2024-12-06 07:51:14,s202l01pf22-the-grind-leather-cosmetic-bag-black-121943,BRAND NEW,"Crafted from grind leather with fabric lining. It features an open zip closure, gold tone hardware, and 1 front slip pocket.",Made In Vietnam | Style Number : S202L01PF22-001 | Zip closure | Exterior 1 slip pocket at front | Logo embossed print lettering on front,New With Tag,images\clutches\primary\S202L01PF22 The Grind Leather Cosmetic Bag Black_primary.jpg,images\clutches\hover\S202L01PF22 The Grind Leather Cosmetic Bag Black_hover.jpg
MARC JACOBS,S202L01PF22 The Grind Leather Cosmetic Bag Marshmallow,IDR 1.700.000,,No discount,https://www.banananina.co.id/bags/clutches/s202l01pf22-the-grind-leather-cosmetic-bag-marshmallow-122069.html,https://media.banananina.id/catalog/product/0/0/00943747_d.jpg?v=67f55d4f4c8036a998c694dcb9ce591a&updated=2024-12-06 08:15:05,https://media.banananina.id/catalog/product/0/0/00943747_m.jpg?v=67f55d4f4c8036a998c694dcb9ce591a&updated=2024-12-06 08:15:05,s202l01pf22-the-grind-leather-cosmetic-bag-marshmallow-122069,BRAND NEW,"Crafted from grind leather with fabric lining. It features an open zip closure, gold tone hardware, and 1 front slip pocket.",Made In Vietnam | Style Number : S202L01PF22-102 | Zip Closure | Polyester Lining | 1 Slip Pocket at Front | Logo Embossed Print Lettering on Front,New with Tag,images\clutches\primary\S202L01PF22 The Grind Leather Cosmetic Bag Marshmallow_primary.jpg,images\clutches\hover\S202L01PF22 The Grind Leather Cosmetic Bag Marshmallow_hover.jpg
BEYOND THE VINES,Poofy Pouch Neo Mint,IDR 795.000,,No discount,https://www.banananina.co.id/poofy-pouch-neo-mint.html,https://media.banananina.id/catalog/product/0/0/00920549_d.jpg?v=02aba98ffebc7848559dbd36b6e7db46&updated=2024-12-08,https://media.banananina.id/catalog/product/0/0/00920549_m.jpg?v=02aba98ffebc7848559dbd36b6e7db46&updated=2024-12-08,poofy-pouch-neo-mint,BRAND NEW,"Made from water resistant nylon fabric, this soft poofy pouch is designed with a rubber product label on the front and our brand mark at the side. It has a contrast engineer blue lining with a pocket.",Made In China | Silver Tone Hardware | 1 Slip Pocket,Brand New,images\clutches\primary\Poofy Pouch Neo Mint_primary.jpg,images\clutches\hover\Poofy Pouch Neo Mint_hover.jpg
